{
  "generated_at": "2026-04-14T12:25:39.491286+00:00",
  "top_5": [
    {
      "params": {
        "ema_short": 9,
        "ema_long": 26,
        "rsi_overbought": 65,
        "rsi_oversold": 20,
        "cmf_window": 14
      },
      "median_score": -5.378473038936195,
      "mean_score": -5.589022451868298,
      "weighted_score": -5.523379496234307,
      "weighted_median_score": -5.378473038936195,
      "ranking_score": -4.882317428172221,
      "folds": 27,
      "pass_rate": 0.6666666666666666,
      "recency_weighted_pass_rate": 0.6682946682946683,
      "summary": {
        "trades": 4.555962555962555,
        "roi": 1.2105621078333384,
        "test_horizon_days": 4.999999999999999,
        "max_drawdown": 1.1661672439774466,
        "win_rate": 49.76403666879857,
        "profit_factor": 3.718933071346837,
        "expectancy": 0.643554735224929,
        "sharpe": 0.2719629462026456,
        "recent_median_score": -2.897694985116321,
        "score_std": 1.93706199959561,
        "score_min": -9.50943631674016,
        "score_max": -1.3250000000000002
      }
    }
  ],
  "baseline": {
    "params": {
      "ema_short": 10,
      "ema_long": 58,
      "rsi_overbought": 68,
      "rsi_oversold": 18,
      "cmf_window": 12
    },
    "median_score": -5.9797944340762355,
    "mean_score": -6.435533424464961,
    "weighted_score": -6.444052298920546,
    "weighted_median_score": -5.9797944340762355,
    "ranking_score": -6.49583613458463,
    "folds": 27,
    "pass_rate": 0.48148148148148145,
    "recency_weighted_pass_rate": 0.4814814814814814,
    "summary": {
      "trades": 3.7480667480667478,
      "roi": 0.2952508324058073,
      "test_horizon_days": 4.999999999999999,
      "max_drawdown": 1.3991181121070602,
      "win_rate": 46.79283679283679,
      "profit_factor": 3.499906740540341,
      "expectancy": 0.638939186186628,
      "sharpe": -0.09642354903339895,
      "recent_median_score": -8.56000293661821,
      "score_std": 2.1209253648263506,
      "score_min": -9.551564946978845,
      "score_max": -1.7249999999999996
    }
  },
  "best": {
    "params": {
      "ema_short": 9,
      "ema_long": 26,
      "rsi_overbought": 65,
      "rsi_oversold": 20,
      "cmf_window": 14
    },
    "median_score": -5.378473038936195,
    "mean_score": -5.589022451868298,
    "weighted_score": -5.523379496234307,
    "weighted_median_score": -5.378473038936195,
    "ranking_score": -4.882317428172221,
    "folds": 27,
    "pass_rate": 0.6666666666666666,
    "recency_weighted_pass_rate": 0.6682946682946683,
    "summary": {
      "trades": 4.555962555962555,
      "roi": 1.2105621078333384,
      "test_horizon_days": 4.999999999999999,
      "max_drawdown": 1.1661672439774466,
      "win_rate": 49.76403666879857,
      "profit_factor": 3.718933071346837,
      "expectancy": 0.643554735224929,
      "sharpe": 0.2719629462026456,
      "recent_median_score": -2.897694985116321,
      "score_std": 1.93706199959561,
      "score_min": -9.50943631674016,
      "score_max": -1.3250000000000002
    }
  },
  "ranking_method": "robust_median_recency_blend",
  "promote": true,
  "promotion_mode": "auto",
  "promotion_reason": "Promote: improved robust score by 1.614 with weighted pass_rate 0.67.",
  "evaluation_mode": "default_walkforward",
  "parameter_surface_file": "/Users/chrixchange/.openclaw/workspace/gold-predictor/config/backtest_params.json",
  "cost_assumptions": {
    "fee_bps": 3.0,
    "slippage_bps": 2.0
  },
  "market_data_source": "Yahoo Finance",
  "market_data_symbol": "GC=F",
  "search_space": {
    "ema_short": [
      9,
      12,
      20
    ],
    "ema_long": [
      26,
      50,
      100
    ],
    "rsi_overbought": [
      65,
      70,
      75
    ],
    "rsi_oversold": [
      20,
      25,
      30
    ],
    "cmf_window": [
      14,
      20
    ],
    "candidate_count": 1
  },
  "candidate_regime_overrides_file": "/Users/chrixchange/.openclaw/workspace/gold-predictor/tools/reports/autoresearch_regime_candidate.json",
  "live_regime_applied": false,
  "active_strategy_snapshot_file": "/Users/chrixchange/.openclaw/workspace/gold-predictor/tools/reports/autoresearch_active.json"
}