{
  "generated_at": "2026-03-17T19:18:08.660797+00:00",
  "top_5": [
    {
      "params": {
        "ema_short": 20,
        "ema_long": 50,
        "rsi_overbought": 65,
        "rsi_oversold": 20,
        "cmf_window": 14
      },
      "median_score": 12.464184283771345,
      "mean_score": 50.437373397286684,
      "folds": 100,
      "pass_rate": 0.6,
      "summary": {
        "trades": 3.0,
        "roi": 1.1760399744502048,
        "cagr": 50.64214556597484,
        "max_drawdown": 0.8642696591010587,
        "win_rate": 50.0,
        "profit_factor": 1.7768350418858567,
        "expectancy": 0.3094228222161115,
        "sharpe": 0.1236490318724541
      }
    },
    {
      "params": {
        "ema_short": 20,
        "ema_long": 50,
        "rsi_overbought": 65,
        "rsi_oversold": 25,
        "cmf_window": 14
      },
      "median_score": 12.464184283771345,
      "mean_score": 50.437373397286684,
      "folds": 100,
      "pass_rate": 0.6,
      "summary": {
        "trades": 3.0,
        "roi": 1.1760399744502048,
        "cagr": 50.64214556597484,
        "max_drawdown": 0.8642696591010587,
        "win_rate": 50.0,
        "profit_factor": 1.7768350418858567,
        "expectancy": 0.3094228222161115,
        "sharpe": 0.1236490318724541
      }
    },
    {
      "params": {
        "ema_short": 20,
        "ema_long": 50,
        "rsi_overbought": 65,
        "rsi_oversold": 30,
        "cmf_window": 14
      },
      "median_score": 12.464184283771345,
      "mean_score": 50.437373397286684,
      "folds": 100,
      "pass_rate": 0.6,
      "summary": {
        "trades": 3.0,
        "roi": 1.1760399744502048,
        "cagr": 50.64214556597484,
        "max_drawdown": 0.8642696591010587,
        "win_rate": 50.0,
        "profit_factor": 1.7768350418858567,
        "expectancy": 0.3094228222161115,
        "sharpe": 0.1236490318724541
      }
    },
    {
      "params": {
        "ema_short": 20,
        "ema_long": 50,
        "rsi_overbought": 70,
        "rsi_oversold": 20,
        "cmf_window": 14
      },
      "median_score": 12.464184283771345,
      "mean_score": 50.437373397286684,
      "folds": 100,
      "pass_rate": 0.6,
      "summary": {
        "trades": 3.0,
        "roi": 1.1760399744502048,
        "cagr": 50.64214556597484,
        "max_drawdown": 0.8642696591010587,
        "win_rate": 50.0,
        "profit_factor": 1.7768350418858567,
        "expectancy": 0.3094228222161115,
        "sharpe": 0.1236490318724541
      }
    },
    {
      "params": {
        "ema_short": 20,
        "ema_long": 50,
        "rsi_overbought": 70,
        "rsi_oversold": 25,
        "cmf_window": 14
      },
      "median_score": 12.464184283771345,
      "mean_score": 50.437373397286684,
      "folds": 100,
      "pass_rate": 0.6,
      "summary": {
        "trades": 3.0,
        "roi": 1.1760399744502048,
        "cagr": 50.64214556597484,
        "max_drawdown": 0.8642696591010587,
        "win_rate": 50.0,
        "profit_factor": 1.7768350418858567,
        "expectancy": 0.3094228222161115,
        "sharpe": 0.1236490318724541
      }
    }
  ],
  "baseline": {
    "params": {
      "ema_short": 20,
      "ema_long": 50,
      "rsi_overbought": 70,
      "rsi_oversold": 25,
      "cmf_window": 14
    },
    "median_score": 12.464184283771345,
    "mean_score": 50.437373397286684,
    "folds": 100,
    "pass_rate": 0.6,
    "summary": {
      "trades": 3.0,
      "roi": 1.1760399744502048,
      "cagr": 50.64214556597484,
      "max_drawdown": 0.8642696591010587,
      "win_rate": 50.0,
      "profit_factor": 1.7768350418858567,
      "expectancy": 0.3094228222161115,
      "sharpe": 0.1236490318724541
    }
  },
  "best": {
    "params": {
      "ema_short": 20,
      "ema_long": 50,
      "rsi_overbought": 65,
      "rsi_oversold": 20,
      "cmf_window": 14
    },
    "median_score": 12.464184283771345,
    "mean_score": 50.437373397286684,
    "folds": 100,
    "pass_rate": 0.6,
    "summary": {
      "trades": 3.0,
      "roi": 1.1760399744502048,
      "cagr": 50.64214556597484,
      "max_drawdown": 0.8642696591010587,
      "win_rate": 50.0,
      "profit_factor": 1.7768350418858567,
      "expectancy": 0.3094228222161115,
      "sharpe": 0.1236490318724541
    }
  },
  "promote": true,
  "promotion_mode": "manual",
  "promotion_reason": "Manual promote: Manual approval for this run"
}