{
  "generated_at": "2026-04-13T23:51:18.108893+00:00",
  "top_5": [
    {
      "params": {
        "ema_short": 10,
        "ema_long": 58,
        "rsi_overbought": 68,
        "rsi_oversold": 18,
        "cmf_window": 12
      },
      "median_score": -3.380393835295761,
      "mean_score": -3.5384257527693155,
      "weighted_score": -3.573155331773709,
      "weighted_median_score": -3.380393835295761,
      "ranking_score": -3.3803938352957608,
      "folds": 9,
      "pass_rate": 0.2222222222222222,
      "recency_weighted_pass_rate": 0.1984126984126984,
      "summary": {
        "trades": 16.484126984126984,
        "roi": -0.9577966444308607,
        "test_horizon_days": 1.2499999999999998,
        "max_drawdown": 2.311679023243271,
        "win_rate": 16.28616598154413,
        "profit_factor": 0.9042403058832624,
        "expectancy": 0.00873496608043432,
        "sharpe": -18.859837666124488,
        "recent_median_score": -3.380393835295761,
        "score_std": 1.75698871601455,
        "score_min": -7.177203471954792,
        "score_max": -1.3302746517537973
      }
    },
    {
      "params": {
        "ema_short": 10,
        "ema_long": 58,
        "rsi_overbought": 68,
        "rsi_oversold": 18,
        "cmf_window": 14
      },
      "median_score": -3.380393835295761,
      "mean_score": -3.6354829674239957,
      "weighted_score": -3.665519782133109,
      "weighted_median_score": -3.380393835295761,
      "ranking_score": -3.3803938352957608,
      "folds": 9,
      "pass_rate": 0.2222222222222222,
      "recency_weighted_pass_rate": 0.1984126984126984,
      "summary": {
        "trades": 16.642857142857146,
        "roi": -1.0467576853305798,
        "test_horizon_days": 1.2499999999999998,
        "max_drawdown": 2.4457530077843406,
        "win_rate": 16.253302594643475,
        "profit_factor": 0.9487974929585148,
        "expectancy": 0.0036990893817574187,
        "sharpe": -18.935834333531215,
        "recent_median_score": -3.380393835295761,
        "score_std": 1.917479972011207,
        "score_min": -7.177203471954792,
        "score_max": -1.140031178462749
      }
    },
    {
      "params": {
        "ema_short": 10,
        "ema_long": 58,
        "rsi_overbought": 68,
        "rsi_oversold": 20,
        "cmf_window": 12
      },
      "median_score": -3.380393835295761,
      "mean_score": -3.5384257527693155,
      "weighted_score": -3.573155331773709,
      "weighted_median_score": -3.380393835295761,
      "ranking_score": -3.3803938352957608,
      "folds": 9,
      "pass_rate": 0.2222222222222222,
      "recency_weighted_pass_rate": 0.1984126984126984,
      "summary": {
        "trades": 16.484126984126984,
        "roi": -0.9577966444308607,
        "test_horizon_days": 1.2499999999999998,
        "max_drawdown": 2.311679023243271,
        "win_rate": 16.28616598154413,
        "profit_factor": 0.9042403058832624,
        "expectancy": 0.00873496608043432,
        "sharpe": -18.859837666124488,
        "recent_median_score": -3.380393835295761,
        "score_std": 1.75698871601455,
        "score_min": -7.177203471954792,
        "score_max": -1.3302746517537973
      }
    },
    {
      "params": {
        "ema_short": 10,
        "ema_long": 58,
        "rsi_overbought": 68,
        "rsi_oversold": 20,
        "cmf_window": 14
      },
      "median_score": -3.380393835295761,
      "mean_score": -3.6354829674239957,
      "weighted_score": -3.665519782133109,
      "weighted_median_score": -3.380393835295761,
      "ranking_score": -3.3803938352957608,
      "folds": 9,
      "pass_rate": 0.2222222222222222,
      "recency_weighted_pass_rate": 0.1984126984126984,
      "summary": {
        "trades": 16.642857142857146,
        "roi": -1.0467576853305798,
        "test_horizon_days": 1.2499999999999998,
        "max_drawdown": 2.4457530077843406,
        "win_rate": 16.253302594643475,
        "profit_factor": 0.9487974929585148,
        "expectancy": 0.0036990893817574187,
        "sharpe": -18.935834333531215,
        "recent_median_score": -3.380393835295761,
        "score_std": 1.917479972011207,
        "score_min": -7.177203471954792,
        "score_max": -1.140031178462749
      }
    },
    {
      "params": {
        "ema_short": 10,
        "ema_long": 58,
        "rsi_overbought": 68,
        "rsi_oversold": 22,
        "cmf_window": 12
      },
      "median_score": -3.380393835295761,
      "mean_score": -3.5384257527693155,
      "weighted_score": -3.573155331773709,
      "weighted_median_score": -3.380393835295761,
      "ranking_score": -3.3803938352957608,
      "folds": 9,
      "pass_rate": 0.2222222222222222,
      "recency_weighted_pass_rate": 0.1984126984126984,
      "summary": {
        "trades": 16.484126984126984,
        "roi": -0.9577966444308607,
        "test_horizon_days": 1.2499999999999998,
        "max_drawdown": 2.311679023243271,
        "win_rate": 16.28616598154413,
        "profit_factor": 0.9042403058832624,
        "expectancy": 0.00873496608043432,
        "sharpe": -18.859837666124488,
        "recent_median_score": -3.380393835295761,
        "score_std": 1.75698871601455,
        "score_min": -7.177203471954792,
        "score_max": -1.3302746517537973
      }
    }
  ],
  "baseline": {
    "params": {
      "ema_short": 20,
      "ema_long": 100,
      "rsi_overbought": 70,
      "rsi_oversold": 30,
      "cmf_window": 14
    },
    "median_score": -4.268498766012924,
    "mean_score": -3.9310931850248974,
    "weighted_score": -3.9831146834990094,
    "weighted_median_score": -4.268498766012924,
    "ranking_score": -4.175284724925861,
    "folds": 9,
    "pass_rate": 0.4444444444444444,
    "recency_weighted_pass_rate": 0.3968253968253968,
    "summary": {
      "trades": 15.007936507936508,
      "roi": -0.9038010467008519,
      "test_horizon_days": 1.2499999999999998,
      "max_drawdown": 2.2744142606876427,
      "win_rate": 22.407037407037404,
      "profit_factor": 1.8681787792470657,
      "expectancy": 0.031703070425094654,
      "sharpe": -18.16223368077317,
      "recent_median_score": -3.8024285605776105,
      "score_std": 1.722234700650761,
      "score_min": -6.144188378716789,
      "score_max": -1.0501481035777065
    }
  },
  "best": {
    "params": {
      "ema_short": 10,
      "ema_long": 58,
      "rsi_overbought": 68,
      "rsi_oversold": 18,
      "cmf_window": 12
    },
    "median_score": -3.380393835295761,
    "mean_score": -3.5384257527693155,
    "weighted_score": -3.573155331773709,
    "weighted_median_score": -3.380393835295761,
    "ranking_score": -3.3803938352957608,
    "folds": 9,
    "pass_rate": 0.2222222222222222,
    "recency_weighted_pass_rate": 0.1984126984126984,
    "summary": {
      "trades": 16.484126984126984,
      "roi": -0.9577966444308607,
      "test_horizon_days": 1.2499999999999998,
      "max_drawdown": 2.311679023243271,
      "win_rate": 16.28616598154413,
      "profit_factor": 0.9042403058832624,
      "expectancy": 0.00873496608043432,
      "sharpe": -18.859837666124488,
      "recent_median_score": -3.380393835295761,
      "score_std": 1.75698871601455,
      "score_min": -7.177203471954792,
      "score_max": -1.3302746517537973
    }
  },
  "ranking_method": "robust_median_recency_blend",
  "promote": false,
  "promotion_mode": "auto",
  "promotion_reason": "Hold: robust delta 0.795, weighted pass_rate 0.20, weighted_median -3.38, pf 0.90.",
  "evaluation_mode": "default_walkforward",
  "parameter_surface_file": "/Users/chrixchange/.openclaw/workspace/gold-predictor/config/backtest_params.json",
  "cost_assumptions": {
    "fee_bps": 3.0,
    "slippage_bps": 2.0
  },
  "search_space": {
    "ema_short": [
      10,
      12,
      14
    ],
    "ema_long": [
      42,
      50,
      58
    ],
    "rsi_overbought": [
      68,
      70,
      72
    ],
    "rsi_oversold": [
      18,
      20,
      22
    ],
    "cmf_window": [
      12,
      14
    ],